{"accuracy": [0.5, 0.4821428656578064, 0.5535714030265808, 0.5, 0.6964285969734192, 0.5714285969734192, 0.7767857313156128, 0.8839285969734192, 0.9285714030265808, 0.9107142686843872, 0.9464285969734192, 0.9553571343421936, 0.9553571343421936, 0.9375, 0.9375, 0.9196428656578064, 0.9375, 0.9642857313156128, 1.0, 1.0, 1.0, 1.0, 1.0, 1.0, 1.0, 1.0, 1.0, 1.0, 1.0, 1.0, 1.0, 1.0, 1.0, 1.0, 1.0, 1.0, 1.0, 1.0, 1.0, 1.0, 1.0, 1.0, 1.0, 1.0, 1.0, 1.0, 1.0, 1.0, 1.0, 1.0], "loss": [1.804749608039856, 0.9485911130905151, 0.7048577666282654, 0.7570648789405823, 0.6432552933692932, 0.6285682320594788, 0.5755735039710999, 0.5290229916572571, 0.47962480783462524, 0.4116723835468292, 0.3462047874927521, 0.2555682063102722, 0.21098043024539948, 0.19813930988311768, 0.16730834543704987, 0.21040554344654083, 0.1614837646484375, 0.100765660405159, 0.06441010534763336, 0.027210475876927376, 0.023635581135749817, 0.008120612241327763, 0.011076423339545727, 0.003238465404137969, 0.004271582700312138, 0.003319717478007078, 0.001700923778116703, 0.0015373434871435165, 0.0013849124079570174, 0.0015199604677036405, 0.0012809984618797898, 0.001012753346003592, 0.0007329067448154092, 0.0006775291403755546, 0.0006508816732093692, 0.0006428048945963383, 0.0006610597483813763, 0.00039330750587396324, 0.0004401847254484892, 0.0004713314992841333, 0.0003333764907438308, 0.00039703791844658554, 0.00037676157080568373, 0.00046109568211250007, 0.0002888379676733166, 0.0003182041982654482, 0.00031921404297463596, 0.00024468774790875614, 0.00024796344223432243, 0.0002894634963013232], "val_accuracy": [0.5, 0.5, 0.5, 0.5, 0.5, 0.5, 0.9285714030265808, 0.9285714030265808, 0.5, 0.8571428656578064, 0.5714285969734192, 0.7857142686843872, 0.7857142686843872, 0.5, 0.6428571343421936, 0.5, 0.7857142686843872, 0.9285714030265808, 0.9285714030265808, 0.8571428656578064, 0.9285714030265808, 0.9285714030265808, 0.9285714030265808, 0.7857142686843872, 0.7857142686843872, 0.9285714030265808, 1.0, 1.0, 1.0, 1.0, 1.0, 0.9285714030265808, 0.9285714030265808, 0.9285714030265808, 0.9285714030265808, 0.9285714030265808, 0.9285714030265808, 0.9285714030265808, 0.9285714030265808, 0.9285714030265808, 0.9285714030265808, 0.9285714030265808, 0.9285714030265808, 0.9285714030265808, 0.9285714030265808, 0.9285714030265808, 0.9285714030265808, 0.9285714030265808, 0.9285714030265808, 0.9285714030265808], "val_loss": [0.9146947860717773, 0.7686558961868286, 0.6447136998176575, 0.6440786719322205, 0.6866827011108398, 0.6705880165100098, 0.6299946904182434, 0.6124811768531799, 0.5982855558395386, 0.5481968522071838, 0.5289839506149292, 0.4574747681617737, 0.4228164255619049, 0.8079156875610352, 0.7866671681404114, 0.7115200161933899, 0.4044840633869171, 0.32033661007881165, 0.20867624878883362, 0.20472733676433563, 0.16782815754413605, 0.1275230497121811, 0.1460137814283371, 0.24090060591697693, 0.25525403022766113, 0.15305624902248383, 0.09629775583744049, 0.07131772488355637, 0.06802379339933395, 0.07792556285858154, 0.09527765959501266, 0.11135318130254745, 0.12093902379274368, 0.12599889934062958, 0.11991064995527267, 0.11286729574203491, 0.10654129087924957, 0.10365913808345795, 0.10327797383069992, 0.10252834111452103, 0.10444659739732742, 0.10212131589651108, 0.10704559832811356, 0.1098121926188469, 0.11499960720539093, 0.11314315348863602, 0.10898297280073166, 0.11252880841493607, 0.11210613697767258, 0.10106693208217621]}